,CASE_ID,COLLISION_DATE_DT,COLLISION_SEVERITY,CITY,POINT_X,POINT_Y,geometry,AT_FAULT,PARTY_SEX,PARTY_AGE,RACE,LIGHTING,DAY_OF_WEEK,WEATHER_1,PRIMARY_COLL_FACTOR,PCF_VIOL_CATEGORY,PED_ACTION,PARTY_NUMBER_KILLED,PARTY_NUMBER_INJURED,PRIMARY_RD,SECONDARY_RD,road_class_id,route_id,road_class,road_class_name,island_id,networkLinkId,volume,volume_road_name,signal_id,traffic_signals
469,9707706,2024-05-17,3,BERKELEY,-122.27527618408205,37.871334075927734,POINT (-13611621.481418906 4561265.544147805),N,F,23,A,C,5,A,A,10,B,0,1,GRANT,UNIVERSITY,479704,ALA_BER_UNIVERSITY AVE_S,3,other principal arterial,,10167243918262578950,74432.18302753106,Grant Street,,
470,9791456,2025-01-16,3,BERKELEY,-122.27527618408205,37.871334075927734,POINT (-13611621.481418906 4561265.544147805),N,M,998,A,A,4,A,A,10,B,0,1,UNIVERSITY,GRANT,479704,ALA_BER_UNIVERSITY AVE_S,3,other principal arterial,,10167243918262578950,74432.18302753106,Grant Street,,
471,9652111,2023-12-03,4,BERKELEY,-122.27300262451172,37.871524810791016,POINT (-13611368.389925247 4561292.441498647),Y,M,39,H,C,7,A,A,11,F,0,1,UNIVERSITY,MARTIN LUTHER KING JR,479702,ALA_BER_UNIVERSITY AVE_P,3,other principal arterial,,,,,,
472,9665672,2024-02-17,3,BERKELEY,-122.27300262451172,37.871524810791016,POINT (-13611368.389925247 4561292.441498647),N,F,31,W,C,6,C,A,10,B,0,1,UNIVERSITY,MARTIN LUTHER KING JR WY,479702,ALA_BER_UNIVERSITY AVE_P,3,other principal arterial,,,,,,
473,9629506,2023-08-10,3,BERKELEY,-122.273374,37.871572,POINT (-13611409.731255498 4561299.096111956),N,M,80,W,A,4,A,A,03,C,0,1,UNIVERSITY AV,UNIVERSITY AV 1885,479704,ALA_BER_UNIVERSITY AVE_S,3,other principal arterial,,,,,,
474,9758150,2024-10-09,3,BERKELEY,-122.27189636230467,37.87174987792969,POINT (-13611245.241379676 4561324.180462207),N,M,39,W,A,3,A,A,08,E,0,1,UNIVERSITY,BONITA,479229,ALA_BER_BONITA AVE_P,7,local,,11952948685253447341,24164.187535521174,Bonita Avenue,,
475,9599953,2023-06-23,3,BERKELEY,-122.27189636230467,37.87174987792969,POINT (-13611245.241379676 4561324.180462207),N,F,78,W,A,5,B,A,21,B,0,1,UNIVERSITY,BONITA,479229,ALA_BER_BONITA AVE_P,7,local,,11952948685253447341,24164.187535521174,Bonita Avenue,,
476,9594779,2023-05-30,4,BERKELEY,-122.27075958251952,37.87190246582031,POINT (-13611118.695632847 4561345.698458753),N,F,32,H,A,2,A,A,10,B,0,1,UNIVERSITY,MILVIA,479704,ALA_BER_UNIVERSITY AVE_S,3,other principal arterial,,5198484135665119642,148644.9099871677,University Avenue,,
477,9810481,2025-04-12,2,BERKELEY,-122.27854919433594,37.87091064453125,POINT (-13611985.83125373 4561205.832277814),N,F,67,W,C,6,A,A,10,B,0,1,UNIVERSITY,JEFFERSON,479704,ALA_BER_UNIVERSITY AVE_S,3,other principal arterial,,16461075252813323313,213832.90371998583,University Avenue,,
478,9791464,2025-01-09,4,BERKELEY,-122.2883529663086,37.872268676757805,POINT (-13613077.182157578 4561397.341832292),N,M,67,H,A,4,A,A,10,B,0,1,CHESTNUT ST,DELAWARE ST,479289,ALA_BER_CHESTNUT ST_P,7,local,,5052940466833980652,16184.2950715486,Chestnut Street,,
479,9810480,2025-04-14,2,BERKELEY,-122.28683471679688,37.872459411621094,POINT (-13612908.171395037 4561424.239524347),N,F,48,W,B,1,F,A,10,B,0,1,DELAWARE,WEST,479762,ALA_BER_WEST ST_P,7,local,,9449900262642277574,1273796.1700819638,West Street,,
480,9815693,2025-04-25,3,BERKELEY,-122.29363250732422,37.87345886230469,POINT (-13613664.897975061 4561565.184569207),N,M,46,O,A,5,B,A,10,B,0,1,VIRGINIA,SAN PABLO,479718,ALA_BER_VIRGINIA ST_P,7,local,,17382236927242957874,714695.2611095611,Virginia Street,node/9935349826,on_demand
481,9568909,2023-04-16,2,BERKELEY,-122.29353332519533,37.87348175048828,POINT (-13613653.857070977 4561568.412340721),N,M,53,W,A,7,A,A,10,B,0,1,RT 123,VIRGINIA,478037,SHS_123._P,3,other principal arterial,,17382236927242957874,714695.2611095611,Virginia Street,node/9935349825,on_demand
482,9720179,2024-06-29,3,BERKELEY,-122.29415130615234,37.87504959106445,POINT (-13613722.650396429 4561789.517076642),N,M,43,B,C,6,A,A,01,B,0,1,SAN PABLO,CEDAR,478040,SHS_123._S,3,other principal arterial,,,,,node/53019122,
483,9825729,2025-07-29,2,BERKELEY,-122.2802505493164,37.875141143798835,POINT (-13612175.225223811 4561802.428447514),N,F,35,W,-,2,A,A,10,B,0,1,CALIFORNIA ST,VIRGINIA,479718,ALA_BER_VIRGINIA ST_P,7,local,,12275811891086632556,21932.22532188951,Virginia Street,,
484,9766826,2025-02-06,3,BERKELEY,-122.29408264160156,37.875221252441406,POINT (-13613715.006693603 4561813.72591019),N,M,38,W,B,4,C,A,10,B,0,1,CEDAR,SAN PABLO,479434,ALA_BER_HOPKINS ST_P,5,major collector,,5910564049358639897,3265652.594314537,Cedar Street,node/240448968,
485,9717582,2024-06-14,3,BERKELEY,-122.29173278808594,37.87644577026367,POINT (-13613453.422196804 4561986.417226024),N,F,39,O,A,5,A,A,10,B,0,1,HOPKINS AV,CORNELL,479434,ALA_BER_HOPKINS ST_P,5,major collector,,16108425282161961674,414021.3649578391,Hopkins Street,,
486,9574252,2023-03-17,3,BERKELEY,-122.2827377319336,37.876678466796875,POINT (-13612452.09712627 4562019.234280417),N,F,57,H,A,5,A,A,10,B,0,1,CEDAR,SACRAMENTO,479610,ALA_BER_SACRAMENTO ST_S,3,other principal arterial,,3170040202649533320,85588.58718841436,Cedar Street,,
487,9717435,2024-06-16,3,BERKELEY,-122.27310943603516,37.87245178222656,POINT (-13611380.280129647 4561423.163615327),N,F,80,A,A,7,A,A,10,B,0,1,BERKELEY,MARTIN LUTHER KING JR,479221,ALA_BER_BERKELEY WAY_P,7,local,,8157339918361060776,252741.93940159256,Berkeley Way,node/53042657,
488,9652083,2023-12-30,3,BERKELEY,-122.27310943603516,37.87245178222656,POINT (-13611380.280129647 4561423.163615327),N,M,43,W,C,6,C,A,10,B,0,1,BERKELEY WY,MARTIN LUTHER KING JR WY,479221,ALA_BER_BERKELEY WAY_P,7,local,,8157339918361060776,252741.93940159256,Berkeley Way,node/53042657,
489,9802961,2025-03-19,4,BERKELEY,-122.27310943603516,37.87245178222656,POINT (-13611380.280129647 4561423.163615327),N,M,23,A,C,3,C,A,10,B,0,1,MARTIN LUTHER KING JR WY,BERKELEY RD,479221,ALA_BER_BERKELEY WAY_P,7,local,,8157339918361060776,252741.93940159256,Berkeley Way,node/53042657,
490,9585212,2023-04-20,3,BERKELEY,-122.2754364013672,37.87299728393555,POINT (-13611639.316725504 4561500.091391021),N,F,33,A,A,4,A,A,10,C,0,1,HEARST,GRANT,479386,ALA_BER_GRANT ST_P,7,local,,6882928961402314665,47640.25473875145,Grant Street,,
491,9717586,2024-06-27,3,BERKELEY,-122.27320098876952,37.87333297729492,POINT (-13611390.471733417 4561547.4318438),N,F,55,W,A,4,A,A,10,B,0,1,MARTIN LUTHER KING JR WY,HEARST AV,479407,ALA_BER_HEARST AVE_P,4,minor arterial,,,,,,
492,9743792,2024-10-28,3,BERKELEY,-122.27320098876952,37.87333297729492,POINT (-13611390.471733417 4561547.4318438),N,M,23,O,A,1,A,B,22,F,0,1,MARTIN LUTHER KING JR,HEARST,479407,ALA_BER_HEARST AVE_P,4,minor arterial,,,,,,
493,9652109,2023-12-04,3,BERKELEY,-122.27254486083984,37.87797546386719,POINT (-13611317.431906393 4562202.150909119),N,F,29,W,C,1,A,A,10,B,0,1,CEDAR,BONITA,479280,ALA_BER_CEDAR ST_P,4,minor arterial,,110430162328549064,13532.76383203254,Bonita Avenue,,
494,9868529,2025-06-01,2,BERKELEY,-122.27140045166016,37.878128051757805,POINT (-13611190.036859248 4562223.670724246),Y,M,23,O,A,7,B,A,11,B,0,1,MILVIA ST,CEDAR,479280,ALA_BER_CEDAR ST_P,4,minor arterial,,5410809777306445744,110977.71433384134,Milvia Street,,
495,9731725,2024-07-30,3,BERKELEY,-122.2739028930664,37.87963104248047,POINT (-13611468.607362332 4562435.643285489),N,M,20,W,C,2,A,A,10,B,0,1,VINE,MARTIN LUTHER KING JR,479490,ALA_BER_MARTIN LUTHER KING JR WAY_P,3,other principal arterial,,354138060898316565,83627.03543317333,Martin Luther King Junior Way,,
496,9731725,2024-07-30,3,BERKELEY,-122.2739028930664,37.87963104248047,POINT (-13611468.607362332 4562435.643285489),N,F,19,W,C,2,A,A,10,B,0,1,VINE,MARTIN LUTHER KING JR,479490,ALA_BER_MARTIN LUTHER KING JR WAY_P,3,other principal arterial,,354138060898316565,83627.03543317333,Martin Luther King Junior Way,,
497,9743849,2024-10-16,3,BERKELEY,-122.27159118652344,37.87992858886719,POINT (-13611211.269367104 4562477.607909518),N,M,17,A,A,3,A,A,10,B,0,1,MILVIA ST,VINE ST,479713,ALA_BER_VINE ST_P,7,local,,17770882495618478861,177494.6046725708,Vine Street,,
498,9629811,2023-09-28,3,BERKELEY,-122.28046417236328,37.876949310302734,POINT (-13612199.005632615 4562057.43131035),N,M,13,B,A,4,A,A,10,B,0,1,CEDAR,CALIFORNIA,479280,ALA_BER_CEDAR ST_P,4,minor arterial,,6156704346675486361,34822.48312106662,California Street,,
499,9743846,2024-10-18,3,BERKELEY,-122.28046417236328,37.876949310302734,POINT (-13612199.005632615 4562057.43131035),N,M,12,W,A,5,A,A,10,B,0,1,CEDAR ST,CALIFORNIA ST,479280,ALA_BER_CEDAR ST_P,4,minor arterial,,6156704346675486361,34822.48312106662,California Street,,
500,9763669,2024-11-08,3,BERKELEY,-122.27825927734376,37.877227783203125,POINT (-13611953.557841789 4562096.704459392),N,M,18,W,C,5,A,A,10,B,0,1,CEDAR AV,MCGEE AV,479280,ALA_BER_CEDAR ST_P,4,minor arterial,,17563336414297779736,14773.782490653732,McGee Avenue,,
501,9702047,2024-04-21,3,BERKELEY,-122.29483032226562,37.877540588378906,POINT (-13613798.2381244 4562140.819680583),N,F,21,W,A,7,A,A,10,B,0,1,SAN PABLO,PAGE,479542,ALA_BER_PAGE ST_P,7,local,,11692056260366532553,308262.6233690574,Page Street,,
502,9546906,2023-01-31,3,BERKELEY,-122.29347229003906,37.87910842895508,POINT (-13613647.062668461 4562361.936599809),N,M,28,H,A,2,A,A,10,D,0,1,CAMELIA,STANNAGE,479250,ALA_BER_CAMELIA ST_P,7,local,,6797669194574147954,5077.481890851038,Stannage Avenue,,
503,9585030,2023-04-06,4,BERKELEY,-122.30247497558594,37.879146575927734,POINT (-13614649.23703931 4562367.316632165),Y,M,29,W,A,4,A,A,11,D,0,1,GILMAN,5TH,479380,ALA_BER_GILMAN ST_P,3,other principal arterial,,7046893262417571883,250632.28278099242,Gilman Street,,
504,9764681,2024-12-19,2,BERKELEY,-122.3002700805664,37.87958526611328,POINT (-13614403.789248483 4562429.18720453),N,F,68,W,A,4,A,A,05,D,0,1,GILMAN AV,7TH,479380,ALA_BER_GILMAN ST_P,3,other principal arterial,,4284347085629262549,203561.4463616414,Gilman Street,,
505,9801781,2025-02-06,3,BERKELEY,-122.29808807373048,37.88002014160156,POINT (-13614160.889358602 4562490.5201356355),N,M,54,W,A,4,C,A,00,B,0,1,9TH ST,GILMAN AV,479170,ALA_BER_9TH ST_P,7,local,,18303792665995623562,460887.86399940855,Gilman Street,node/53055556,
506,9705743,2024-05-17,3,BERKELEY,-122.29696655273438,37.880252838134766,POINT (-13614036.0422124 4562523.338782589),N,M,24,A,A,5,A,A,03,F,0,1,GILMAN AV,10TH,479156,ALA_BER_10TH ST_P,7,local,,,,,,
507,9875869,2025-09-02,3,BERKELEY,-122.29696655273438,37.880252838134766,POINT (-13614036.0422124 4562523.338782589),N,F,998,O,A,2,A,A,10,B,0,1,GILMAN,10TH,479156,ALA_BER_10TH ST_P,7,local,,,,,,
508,9875869,2025-09-02,3,BERKELEY,-122.29696655273438,37.880252838134766,POINT (-13614036.0422124 4562523.338782589),N,F,15,O,A,2,A,A,10,B,0,1,GILMAN,10TH,479156,ALA_BER_10TH ST_P,7,local,,,,,,
509,9766752,2025-02-01,3,BERKELEY,-122.26914215087892,37.8784065246582,POINT (-13610938.643966222 4562262.944501772),N,F,77,W,C,6,A,A,10,B,0,1,CEDAR ST,SHATTUCK AV,479280,ALA_BER_CEDAR ST_P,4,minor arterial,,,,,,
510,9827929,2025-05-27,3,BERKELEY,-122.26914215087892,37.8784065246582,POINT (-13610938.643966222 4562262.944501772),N,F,34,B,A,2,A,A,08,B,0,1,CEDAR,SHATTUCK,479280,ALA_BER_CEDAR ST_P,4,minor arterial,,,,,,
511,9763648,2024-11-22,3,BERKELEY,-122.26708984375,37.880496978759766,POINT (-13610710.18218168 4562557.771572821),N,M,37,W,C,5,C,A,10,B,0,1,OXFORD,VINE,479539,ALA_BER_OXFORD ST_P,4,minor arterial,,13715190055152633983,305896.15543692897,Vine Street,,
512,9599998,2023-06-02,3,BERKELEY,-122.26708984375,37.880496978759766,POINT (-13610710.18218168 4562557.771572821),Y,F,19,W,A,5,A,A,11,B,0,0,VINE,OXFORD,479539,ALA_BER_OXFORD ST_P,4,minor arterial,,13715190055152633983,305896.15543692897,Vine Street,,
513,9879470,2025-09-24,2,BERKELEY,-122.26953887939452,37.88202667236328,POINT (-13610982.807582563 4562773.517122177),N,M,68,B,C,3,A,D,00,B,0,1,ROSE,SHATTUCK,479598,ALA_BER_ROSE ST_P,4,minor arterial,,,,,,
514,9546910,2023-01-24,3,BERKELEY,-122.26953887939452,37.88202667236328,POINT (-13610982.807582563 4562773.517122177),N,F,20,O,C,2,A,A,10,B,0,1,SHATTUCK,ROSE,479598,ALA_BER_ROSE ST_P,4,minor arterial,,,,,,
515,9640429,2024-02-12,1,BERKELEY,-122.27017974853516,37.89158248901367,POINT (-13611054.148808965 4564121.355728395),N,F,37,W,A,1,A,A,10,B,1,0,OXFORD,MARIN,479485,ALA_BER_MARIN AVE_P,5,major collector,,8781595500687744975,326640.4648441942,Marin Avenue,,
516,9766558,2024-10-27,3,BERKELEY,-122.254638671875,37.86930084228515,POINT (-13609324.124068776 4560978.822715217),N,F,19,W,C,7,A,A,21,E,0,1,COLLEGE AV,BANCROFT,491057,ALA_OAK_COLLEGE AVE_P,4,minor arterial,,,,,,
517,9875864,2025-09-03,4,BERKELEY,-122.254638671875,37.86930084228515,POINT (-13609324.124068776 4560978.822715217),N,M,29,O,A,3,A,A,10,B,0,1,BANCROFT,COLLEGE,491057,ALA_OAK_COLLEGE AVE_P,4,minor arterial,,,,,,
518,9791442,2025-01-27,3,BERKELEY,-122.2523193359375,37.86958694458008,POINT (-13609065.936773235 4561019.1676542135),N,F,26,A,-,1,A,A,12,B,0,1,BANCROFT,PIEDMONT,479566,ALA_BER_PIEDMONT AVE_S,4,minor arterial,,,,,,
519,9763662,2024-11-16,3,BERKELEY,-122.2523193359375,37.86958694458008,POINT (-13609065.936773235 4561019.1676542135),N,M,22,W,A,6,A,A,03,B,0,1,PIEDMONT,BANCROFT,479566,ALA_BER_PIEDMONT AVE_S,4,minor arterial,,,,,,
520,9585206,2023-04-28,3,BERKELEY,-122.2523193359375,37.86958694458008,POINT (-13609065.936773235 4561019.1676542135),N,F,19,H,A,5,A,A,10,B,0,1,PIEDMONT AV,BANCROFT,479566,ALA_BER_PIEDMONT AVE_S,4,minor arterial,,,,,,
521,9613558,2023-07-24,3,BERKELEY,-122.2582778930664,37.87535858154297,POINT (-13609729.240318688 4561833.093017646),Y,M,21,W,A,1,A,A,11,E,0,1,HEARST AV,LEROY AV,479407,ALA_BER_HEARST AVE_P,4,minor arterial,,9426809135034003979,524101.9692033944,Hearst Avenue,node/52980624,
522,9615130,2023-07-29,4,BERKELEY,-122.2519073486328,37.89096450805664,POINT (-13609020.074556261 4564034.184827451),Y,M,19,O,A,6,A,A,11,E,0,1,SHASTA,PARK GATE,479637,ALA_BER_SHASTA RD_P,5,major collector,,2551259588170204875,229117.01168330462,Shasta Road,node/10819103084,emergency
523,9665679,2024-02-13,3,BERKELEY,-122.26033020019533,37.87604141235352,POINT (-13609957.70210323 4561929.391115799),N,F,22,O,A,2,A,A,10,B,0,1,EUCLID,RIDGE,479359,ALA_BER_EUCLID AVE_P,5,major collector,,7191242439375439413,554652.7940478757,Ridge Road,,
524,9650835,2023-11-14,3,BERKELEY,-122.2606964111328,37.877777099609375,POINT (-13609998.468518313 4562174.175216101),N,M,20,O,C,2,A,A,10,B,0,1,EUCLID,VIRGINIA ST,479359,ALA_BER_EUCLID AVE_P,5,major collector,,5398292390659619252,647400.4452556774,Euclid Avenue,,
525,9743808,2024-10-21,3,BERKELEY,-122.26573181152344,37.87885665893555,POINT (-13610559.006725738 4562326.428456143),N,M,31,W,A,1,A,A,10,B,0,1,SPRUCE ST,CEDAR ST,479661,ALA_BER_SPRUCE ST_P,7,local,,16662296276902885866,27620949.71097322,Spruce Street,,
526,9705564,2024-05-11,3,BERKELEY,-122.26103973388672,37.87947082519531,POINT (-13610036.687032457 4562413.04701969),N,F,20,O,A,6,A,A,10,B,0,1,EUCLID,CEDAR,479278,ALA_BER_CEDAR ST_P,5,major collector,,14400375345060698179,7639558.331495998,Euclid Avenue,node/53149317,
527,9739660,2024-08-27,3,BERKELEY,-122.2661590576172,37.882476806640625,POINT (-13610606.56754334 4562837.004197014),N,F,63,W,A,2,A,A,10,B,0,1,ROSE ST,SPRUCE ST,479598,ALA_BER_ROSE ST_P,4,minor arterial,,142459989203452504,82234.34826486313,Rose Street,,
528,9665671,2024-02-21,4,BERKELEY,-122.26235961914062,37.88656234741211,POINT (-13610183.615986828 4563413.247850314),N,F,75,W,A,3,B,A,10,B,0,1,EUCLID,EUNICE,479359,ALA_BER_EUCLID AVE_P,5,major collector,,14868535994573839886,731227.6182242756,Euclid Avenue,,
529,9650860,2023-11-07,3,BERKELEY,-122.26348114013672,37.89586639404297,POINT (-13610308.463133026 4564725.653141453),N,F,82,W,D,2,A,A,10,B,0,1,MARIN,HILLDALE,479485,ALA_BER_MARIN AVE_P,5,major collector,,18352791635153337498,116695.35770274299,Marin Avenue,,
530,9769892,2024-11-10,2,BERKELEY,-122.2958526611328,37.88032913208008,POINT (-13613912.044366514 4562534.099017276),N,M,61,H,C,7,A,A,01,F,0,1,RT 123,GILMAN,478040,SHS_123._S,3,other principal arterial,,2247894419034819513,3982514.54866585,"CA 123, San Pablo Avenue",node/53064862,
531,9866852,2025-01-26,1,BERKELEY,-122.28153228759766,37.88069534301758,POINT (-13612317.907676613 4562585.748298929),N,F,66,W,A,7,A,A,10,B,1,0,CALIFORNIA,ADA,479179,ALA_BER_ADA ST_P,7,local,,16571991400780406870,2915.039090522379,Ada Street,,
532,9615131,2023-07-28,3,BERKELEY,-122.29403686523438,37.8808479309082,POINT (-13613709.910891717 4562607.268908746),N,F,43,W,A,5,A,A,10,B,0,1,STANNAGE,GILMAN,479663,ALA_BER_STANNAGE AVE_P,7,local,,5466727184696454050,1001977.88438791,Gilman Street,,
533,9828165,2025-05-23,3,BERKELEY,-122.2931900024414,37.88101959228515,POINT (-13613615.638556832 4562631.479648084),N,F,38,O,A,5,A,A,10,B,0,1,GILMAN ST,CORNELL AV,479380,ALA_BER_GILMAN ST_P,3,other principal arterial,,9405362630381195145,32470.891928067605,Cornell Avenue,,
534,9828165,2025-05-23,3,BERKELEY,-122.2931900024414,37.88101959228515,POINT (-13613615.638556832 4562631.479648084),N,F,9,O,A,5,A,A,10,B,0,1,GILMAN ST,CORNELL AV,479380,ALA_BER_GILMAN ST_P,3,other principal arterial,,9405362630381195145,32470.891928067605,Cornell Avenue,,
535,9650836,2023-11-13,3,BERKELEY,-122.28998565673828,37.88143157958984,POINT (-13613258.932424834 4562689.585652732),N,M,68,W,C,1,A,A,10,B,0,1,GILMAN,CURTIS,479380,ALA_BER_GILMAN ST_P,3,other principal arterial,,4407875572755284159,265541.842152273,Curtis Street,,
536,9699919,2024-04-07,3,BERKELEY,-122.28183746337892,37.89413070678711,POINT (-13612351.879689185 4564480.808901253),N,M,75,W,A,7,A,A,10,B,0,1,SAN LORENZO,COLUSA,479298,ALA_BER_COLUSA AVE_P,4,minor arterial,,10732066256150524610,5400.075376814856,San Lorenzo Avenue,,
537,9791449,2025-01-18,4,BERKELEY,-122.28562927246094,37.89842224121094,POINT (-13612773.98194538 4565086.203521724),N,F,60,W,C,6,A,A,08,B,0,1,COLUSA,VISALIA,479150,ALA_ALB_VISALIA AVE_P,7,local,,11724241401011384153,4350.535675621655,Visalia Avenue,,
538,9664807,2024-01-25,3,BERKELEY,-122.27773284912108,37.880828857421875,POINT (-13611894.956120098 4562604.578830081),N,F,76,A,C,4,A,A,10,B,0,1,ROSE,EDITH,479595,ALA_BER_ROSE ST_P,7,local,,941845599260065756,78117.07102468981,Rose Street,,
539,9786418,2024-11-14,1,BERKELEY,-122.27524566650392,37.88130187988281,POINT (-13611618.084217647 4562671.292986583),N,M,78,B,C,4,A,A,10,B,1,0,ROSE ST,JOSEPHINE ST,479595,ALA_BER_ROSE ST_P,7,local,,14036043765353890099,195192.77325924655,Rose Street,,
540,9629777,2023-09-09,4,BERKELEY,-122.27069854736328,37.88190078735352,POINT (-13611111.901230333 4562755.762331701),N,M,66,B,A,6,A,A,03,E,0,1,HENRY,ROSE,479598,ALA_BER_ROSE ST_P,4,minor arterial,,16643176162655668008,519300.98351640394,Henry Street,,
541,9629224,2023-09-22,3,BERKELEY,-122.2758560180664,37.884708404541016,POINT (-13611686.02824279 4563151.755171619),N,M,13,W,A,5,A,A,10,B,0,1,HOPKINS ST,JOSEPHINE ST,479434,ALA_BER_HOPKINS ST_P,5,major collector,,14799631237595098294,150674.87861519124,Hopkins Street,,
542,9731741,2024-07-10,3,BERKELEY,-122.2756805419922,37.88520431518555,POINT (-13611666.494335562 4563221.70112794),N,F,66,A,A,3,A,A,10,B,0,1,SONOMA AV,JOSEPHINE ST,479137,ALA_ALB_SONOMA AVE_P,7,local,,2174460065973025532,15378.180757640052,Josephine Street,,
543,9791468,2025-01-03,3,BERKELEY,-122.27495574951172,37.88542938232422,POINT (-13611585.810805704 4563253.445986596),N,M,16,O,A,5,A,A,10,B,0,1,THE ALAMEDA,HOPKINS ST,479685,ALA_BER_THE ALAMEDA_P,3,other principal arterial,,1818051020126062667,600775.2982132848,The Alameda,node/53019168,
544,9615153,2023-07-14,3,BERKELEY,-122.27629089355467,37.90053939819336,POINT (-13611734.438360699 4565384.877869965),N,F,76,W,A,5,A,A,21,D,0,1,SAN LUIS,AVIS,479206,ALA_BER_AVIS RD_P,7,local,,8609613827847341047,194489.28257031628,San Luis Road,,
545,9773609,2024-09-21,3,OAKLAND,-122.2199478149414,37.76850891113281,POINT (-13605462.355539747 4546775.302574654),N,M,73,A,A,6,A,A,10,E,0,1,HIGH ST,COLISEUM WY,771863,ALA_OAK_COLISEUM WAY_P,5,major collector,,967270755120626938,1402747.3216871987,High Street,node/222771831,traffic_lights
546,9644390,2023-10-03,4,OAKLAND,-122.23597717285156,37.773719787597656,POINT (-13607246.735500049 4547509.140145971),N,F,69,W,C,2,A,A,10,B,0,1,FORD ST,KENNEDY ST,772002,ALA_OAK_23RD AVE_P,4,minor arterial,way/1449955932,14882079066559658499,916471.3995342557,23rd Avenue,node/53051098,signal
547,9591024,2023-06-08,4,OAKLAND,-122.22425842285156,37.774024963378906,POINT (-13605942.210217314 4547552.119059272),N,M,21,H,A,4,A,A,10,B,0,1,SAN LEANDRO ST,35TH AV,492604,ALA_OAK_SAN LEANDRO ST_P,4,minor arterial,,10152348963043344264,468717.25881632225,San Leandro Street,,
548,9771173,2024-12-18,3,OAKLAND,-122.22427368164062,37.7740364074707,POINT (-13605943.908817943 4547553.730771972),N,M,75,B,B,3,E,A,12,B,0,1,SAN LEANDRO ST,35TH AV,490332,ALA_OAK_35TH AVE_P,4,minor arterial,,16548073907272376994,871094.2854956657,35th Avenue,,
549,9790983,2024-12-29,3,OAKLAND,-122.2199249267578,37.77479934692382,POINT (-13605459.807638802 4547661.178847994),N,M,56,H,C,7,A,A,10,B,0,1,INTERNATIONAL BL,38TH AV,772193,ALA_OAK_INTERNATIONAL BLVD_P,3,other principal arterial,,14583006390484425436,1733264.024230291,38th Avenue,node/6983192658,traffic_lights
550,9725708,2024-05-19,4,OAKLAND,-122.2208251953125,37.77522277832031,POINT (-13605560.025075888 4547720.813008648),N,M,19,,A,7,A,A,03,B,0,1,INTERNATIONAL BL,37TH AV,772193,ALA_OAK_INTERNATIONAL BLVD_P,3,other principal arterial,,1987330502042982338,3391753.1346603506,International Boulevard,,
551,9590438,2023-04-30,3,OAKLAND,-122.2208251953125,37.77522277832031,POINT (-13605560.025075888 4547720.813008648),N,M,35,,A,7,A,A,10,B,0,1,INTERNATIONAL BL,37TH AV,772193,ALA_OAK_INTERNATIONAL BLVD_P,3,other principal arterial,,1987330502042982338,3391753.1346603506,International Boulevard,,
552,9598823,2023-09-05,4,OAKLAND,-122.2270050048828,37.7752571105957,POINT (-13606247.958330454 4547725.648225833),N,F,62,A,A,2,A,D,00,B,0,1,FRUITVALE AVE,10TH ST,491515,ALA_OAK_FRUITVALE AVE_P,3,other principal arterial,,3777492210849867928,3889959.634595287,Fruitvale Avenue,,
553,9775606,2024-05-13,2,OAKLAND,-122.22380065917967,37.77664566040039,POINT (-13605891.252198456 4547921.207780518),N,M,998,A,A,1,A,C,18,D,0,1,INTERNATIONAL BL,34TH AV,772193,ALA_OAK_INTERNATIONAL BLVD_P,3,other principal arterial,way/1152328691,127811863582523660,272418.1322796321,34th Avenue,,
554,9766841,2025-02-10,3,OAKLAND,-122.22381591796876,37.77665328979492,POINT (-13605892.950799087 4547922.282293712),N,M,30,H,C,1,A,A,08,D,0,1,INTERNATIONAL BL,34TH AV,772193,ALA_OAK_INTERNATIONAL BLVD_P,3,other principal arterial,way/1152328691,127811863582523660,272418.1322796321,34th Avenue,,
555,9755834,2024-08-30,4,OAKLAND,-122.17348480224608,37.76837539672851,POINT (-13600290.116625782 4546756.500680924),N,M,59,B,C,5,A,A,10,B,0,1,73RD AV,HILLSIDE ST,490497,ALA_OAK_73RD AVE_S,3,other principal arterial,,15844170484065007113,166362.98496125214,73rd Avenue,,